Product Name, Pricing, Ratings
Apple iPhone 11 (Black| 64 GB),Rs.68300,4.7(15,559)
Apple iPhone SE (Black| 64 GB),Rs.42500,4.5(10,103)
Apple iPhone 11 (White| 64 GB),Rs.68300,4.7(15,559)
Apple iPhone 7 (Black| 32 GB),Rs.29499,4.5(90,350)
Apple iPhone SE (White| 64 GB),Rs.42500,4.5(10,103)
Apple iPhone SE (Red| 64 GB),Rs.42500,4.5(10,103)
Apple iPhone 11 (Green| 64 GB),Rs.68300,4.7(15,559)
Apple iPhone SE (Black| 128 GB),Rs.47800,4.5(10,103)
Apple iPhone 11 (Black| 128 GB),Rs.73600,4.7(15,559)
Apple iPhone 11 (White| 128 GB),Rs.73600,4.7(15,559)
Apple iPhone 11 (Green| 128 GB),Rs.73600,4.7(15,559)
Flipkart SmartBuy Tempered Glass Guard for Apple iPhone SE| Apple iPhone SE 2020,Rs.179,3.4(412)
Apple iPhone 11 (Purple| 128 GB),Rs.73600,4.7(15,559)
Apple iPhone SE (White| 128 GB),Rs.47800,4.5(10,103)
Apple iPhone XR (Coral| 64 GB),Rs.52500,4.6(10,488)
Apple iPhone SE (Red| 128 GB),Rs.47800,4.5(10,103)
Apple iPhone 11 (Purple| 64 GB),Rs.68300,4.7(15,559)
Apple iPhone 7 Plus (Black| 32 GB),Rs.36999,4.5(26,869)
Apple iPhone 11 (Red| 128 GB),Rs.73600,4.7(15,559)
Apple iPhone XR (Blue| 128 GB),Rs.57800,4.6(10,488)
Apple iPhone XR (Black| 128 GB),Rs.57800,4.6(10,488)
Apple iPhone 11 (Red| 64 GB),Rs.68300,4.7(15,559)
Apple iPhone XS (Space Grey| 64 GB),Rs.62999,4.7(10,716)
Apple iPhone 6s (Space Grey| 32 GB),Rs.29900,4.5(91,998)
Apple iPhone 11 Pro (Space Grey| 256 GB),Rs.121300,4.7(1,401)
Apple iPhone 11 Pro (Midnight Green| 256 GB),Rs.121300,4.7(1,401)
Apple iPhone 11 Pro Max (Space Grey| 64 GB),Rs.117100,4.7(950)
Apple iPhone 11 Pro (Gold| 64 GB),Rs.106600,4.7(1,401)
Apple iPhone 11 Pro Max (Gold| 64 GB),Rs.117100,4.7(950)
Apple iPhone 11 Pro (Midnight Green| 64 GB),Rs.106600,4.7(1,401)
Apple iPhone 11 Pro (Silver| 256 GB),Rs.121300,4.7(1,401)
Apple iPhone 11 Pro (Silver| 64 GB),Rs.106600,4.7(1,401)
Apple iPhone 11 Pro Max (Silver| 64 GB),Rs.117100,4.7(950)
FIRST IMPRESSION Front and Back Tempered Glass for Apple iPhone 7 Plus,Rs.199,4.1(14)
Apple iPhone 8 (PRODUCT)RED (Red| 256 GB),Rs.56999,4.7(111)
Apple iPhone 8 Plus (PRODUCT)RED (Red| 64 GB),Rs.52990,4.6(218)
Apple iPhone 7 (Gold| 32 GB),Rs.39899,4.5(90,350)
Apple iPhone 11 Pro Max (Midnight Green| 64 GB),Rs.117100,4.7(950)
Apple iPhone 11 Pro (Space Grey| 64 GB),Rs.106600,4.7(1,401)
Apple iPhone 8 Plus (Space Grey| 64 GB),Rs.52990,4.6(3,334)
